{
  "OverrideIds": false,
  "NewBlueprints": {
    "RMChampionFeatDefenceDR": "ab678c3f-346e-44cf-8ad5-c157324e8c28",
    "RMChampionFeatDefenceAC": "d0f2447e-6aa3-4dce-8f7f-17a5baeff9dc",
    "RMChampionFeatOffenceAim": "c60fe592-1c11-4c89-9bdc-5a7e76344412",
    "RMChampionFeatOffenceDam": "ea14baff-008f-4bf1-b492-26581ca67de9",
    "RMChampionFeatOffenceSpellDam": "d9538dec-e371-4d71-803a-18ede627638b",
    "RMChampionFeatOffenceSpellDC": "b666f5b3-ee66-4b0f-9cb9-e9c974858982",
    "RMChampionFeatOffenceSpellPen": "042a76ff-d6e1-4b86-8765-16da19fdbe6d",
    "RMChampionFeatSavingThrow": "D09E14DC-C147-4870-8E79-AE101363676D",
    "RMChampionFeatSkills": "A21CE248-AC0F-4851-89A4-70A0BD87E0AF"
  },
  "AutoGenerated": {},
  "UnusedGUIDs": {}
}